#,company,email,phone,website,website_status,subject,body
1,Moldar Roofing,info@moldarroofing.com,+19564437470,https://moldarroofing.com/,DEAD_ERR,A website concept for Moldar Roofing,"Hi Moldar Roofing Team,

I came across your roofing company while researching contractors in Texas and was genuinely impressed by your business.

I specialize in designing premium websites exclusively for roofing companies, and I recently created a website concept. You can watch it in this short 20-second video:
https://drive.google.com/file/d/1q9v8Gy_De94jejUFJBult-yNQE75LV5J/view?usp=drivesdk

As I was looking at your company, I couldn't help but imagine how your brand could look with the same modern, professional online presence.

The websites I build are designed to:

• Build trust from the very first visit
• Look outstanding on every device
• Encourage more estimate requests
• Reflect the quality and professionalism of the company behind them

If you like what you see in the video, I'd be happy to create a free homepage mockup customized specifically for your company before you make any decision.

Just reply to this email, and I'll send it over.


Best,
Franco Samtoni

--
You're receiving this email because you're a roofing contractor in Texas. If you'd rather not hear from me again, just reply with ""unsubscribe"" and I'll remove you right away and never contact you again.
Barrio Viñas del Torreón, Maipú, Mendoza 5513, Argentina
"
2,Reveles Roofing,info@revelesroofing.com,+12149008930,http://www.revelesroofing.com/,DEAD_ERR,A website concept for Reveles Roofing,"Hi Reveles Roofing Team,

I came across your roofing company while researching contractors in Texas and was genuinely impressed by your business.

I specialize in designing premium websites exclusively for roofing companies, and I recently created a website concept. You can watch it in this short 20-second video:
https://drive.google.com/file/d/1q9v8Gy_De94jejUFJBult-yNQE75LV5J/view?usp=drivesdk

As I was looking at your company, I couldn't help but imagine how your brand could look with the same modern, professional online presence.

The websites I build are designed to:

• Build trust from the very first visit
• Look outstanding on every device
• Encourage more estimate requests
• Reflect the quality and professionalism of the company behind them

If you like what you see in the video, I'd be happy to create a free homepage mockup customized specifically for your company before you make any decision.

Just reply to this email, and I'll send it over.


Best,
Franco Samtoni

--
You're receiving this email because you're a roofing contractor in Texas. If you'd rather not hear from me again, just reply with ""unsubscribe"" and I'll remove you right away and never contact you again.
Barrio Viñas del Torreón, Maipú, Mendoza 5513, Argentina
"
3,"South Texas Metal Roofing, Inc.",info@stxmetalroofing.net,+13619374600,http://www.stxmetalroofing.net/,DEAD_503,"A website concept for South Texas Metal Roofing, Inc.","Hi South Texas Metal Roofing Team,

I came across your roofing company while researching contractors in Texas and was genuinely impressed by your business.

I specialize in designing premium websites exclusively for roofing companies, and I recently created a website concept. You can watch it in this short 20-second video:
https://drive.google.com/file/d/1q9v8Gy_De94jejUFJBult-yNQE75LV5J/view?usp=drivesdk

As I was looking at your company, I couldn't help but imagine how your brand could look with the same modern, professional online presence.

The websites I build are designed to:

• Build trust from the very first visit
• Look outstanding on every device
• Encourage more estimate requests
• Reflect the quality and professionalism of the company behind them

If you like what you see in the video, I'd be happy to create a free homepage mockup customized specifically for your company before you make any decision.

Just reply to this email, and I'll send it over.


Best,
Franco Samtoni

--
You're receiving this email because you're a roofing contractor in Texas. If you'd rather not hear from me again, just reply with ""unsubscribe"" and I'll remove you right away and never contact you again.
Barrio Viñas del Torreón, Maipú, Mendoza 5513, Argentina
"
4,Diamondback Roofing & Construction,diamondbackroofingconstruction@gmail.com,+19402492587,https://www.facebook.com/p/Diamondback-Roofing-Construction-100090837393993/,ALIVE_200,A website concept for Diamondback Roofing & Construction,"Hi Diamondback Roofing & Construction Team,

I came across your roofing company while researching contractors in Texas and was genuinely impressed by your business.

I specialize in designing premium websites exclusively for roofing companies, and I recently created a website concept. You can watch it in this short 20-second video:
https://drive.google.com/file/d/1q9v8Gy_De94jejUFJBult-yNQE75LV5J/view?usp=drivesdk

As I was looking at your company, I couldn't help but imagine how your brand could look with the same modern, professional online presence.

The websites I build are designed to:

• Build trust from the very first visit
• Look outstanding on every device
• Encourage more estimate requests
• Reflect the quality and professionalism of the company behind them

If you like what you see in the video, I'd be happy to create a free homepage mockup customized specifically for your company before you make any decision.

Just reply to this email, and I'll send it over.


Best,
Franco Samtoni

--
You're receiving this email because you're a roofing contractor in Texas. If you'd rather not hear from me again, just reply with ""unsubscribe"" and I'll remove you right away and never contact you again.
Barrio Viñas del Torreón, Maipú, Mendoza 5513, Argentina
"
5,"180 Roofing & Contracting, LLC",info@180roofing.com,+12148144004,http://180roofing.com/,ALIVE_200,"A website concept for 180 Roofing & Contracting, LLC","Hi 180 Roofing & Contracting Team,

I came across your roofing company while researching contractors in Texas and was genuinely impressed by your business.

I specialize in designing premium websites exclusively for roofing companies, and I recently created a website concept. You can watch it in this short 20-second video:
https://drive.google.com/file/d/1q9v8Gy_De94jejUFJBult-yNQE75LV5J/view?usp=drivesdk

As I was looking at your company, I couldn't help but imagine how your brand could look with the same modern, professional online presence.

The websites I build are designed to:

• Build trust from the very first visit
• Look outstanding on every device
• Encourage more estimate requests
• Reflect the quality and professionalism of the company behind them

If you like what you see in the video, I'd be happy to create a free homepage mockup customized specifically for your company before you make any decision.

Just reply to this email, and I'll send it over.


Best,
Franco Samtoni

--
You're receiving this email because you're a roofing contractor in Texas. If you'd rather not hear from me again, just reply with ""unsubscribe"" and I'll remove you right away and never contact you again.
Barrio Viñas del Torreón, Maipú, Mendoza 5513, Argentina
"
6,ABCO Roofing & Construction,abcoroofingtx@yahoo.com,+14098352226,http://abcoroofingtx.com/,ALIVE_200,A website concept for ABCO Roofing & Construction,"Hi ABCO Roofing & Construction Team,

I came across your roofing company while researching contractors in Texas and was genuinely impressed by your business.

I specialize in designing premium websites exclusively for roofing companies, and I recently created a website concept. You can watch it in this short 20-second video:
https://drive.google.com/file/d/1q9v8Gy_De94jejUFJBult-yNQE75LV5J/view?usp=drivesdk

As I was looking at your company, I couldn't help but imagine how your brand could look with the same modern, professional online presence.

The websites I build are designed to:

• Build trust from the very first visit
• Look outstanding on every device
• Encourage more estimate requests
• Reflect the quality and professionalism of the company behind them

If you like what you see in the video, I'd be happy to create a free homepage mockup customized specifically for your company before you make any decision.

Just reply to this email, and I'll send it over.


Best,
Franco Samtoni

--
You're receiving this email because you're a roofing contractor in Texas. If you'd rather not hear from me again, just reply with ""unsubscribe"" and I'll remove you right away and never contact you again.
Barrio Viñas del Torreón, Maipú, Mendoza 5513, Argentina
"
7,All American Siding,info@allamericanroof.net,+19722542654,http://www.allamericanroof.net/,ALIVE_200,A website concept for All American Siding,"Hi All American Siding Team,

I came across your roofing company while researching contractors in Texas and was genuinely impressed by your business.

I specialize in designing premium websites exclusively for roofing companies, and I recently created a website concept. You can watch it in this short 20-second video:
https://drive.google.com/file/d/1q9v8Gy_De94jejUFJBult-yNQE75LV5J/view?usp=drivesdk

As I was looking at your company, I couldn't help but imagine how your brand could look with the same modern, professional online presence.

The websites I build are designed to:

• Build trust from the very first visit
• Look outstanding on every device
• Encourage more estimate requests
• Reflect the quality and professionalism of the company behind them

If you like what you see in the video, I'd be happy to create a free homepage mockup customized specifically for your company before you make any decision.

Just reply to this email, and I'll send it over.


Best,
Franco Samtoni

--
You're receiving this email because you're a roofing contractor in Texas. If you'd rather not hear from me again, just reply with ""unsubscribe"" and I'll remove you right away and never contact you again.
Barrio Viñas del Torreón, Maipú, Mendoza 5513, Argentina
"
8,AR GLOBAL INC. ROOFING & CONSTRUCTION,kason@arglobalroofing.com,+19038088002,http://arglobalroofing.com/,ALIVE_200,A website concept for AR GLOBAL INC. ROOFING & CONSTRUCTION,"Hi AR GLOBAL INC. ROOFING & CONSTRUCTION Team,

I came across your roofing company while researching contractors in Texas and was genuinely impressed by your business.

I specialize in designing premium websites exclusively for roofing companies, and I recently created a website concept. You can watch it in this short 20-second video:
https://drive.google.com/file/d/1q9v8Gy_De94jejUFJBult-yNQE75LV5J/view?usp=drivesdk

As I was looking at your company, I couldn't help but imagine how your brand could look with the same modern, professional online presence.

The websites I build are designed to:

• Build trust from the very first visit
• Look outstanding on every device
• Encourage more estimate requests
• Reflect the quality and professionalism of the company behind them

If you like what you see in the video, I'd be happy to create a free homepage mockup customized specifically for your company before you make any decision.

Just reply to this email, and I'll send it over.


Best,
Franco Samtoni

--
You're receiving this email because you're a roofing contractor in Texas. If you'd rather not hear from me again, just reply with ""unsubscribe"" and I'll remove you right away and never contact you again.
Barrio Viñas del Torreón, Maipú, Mendoza 5513, Argentina
"
9,Armored Roofing Co Inc,armored@armoredroofing.com,+19403603672,http://armoredroofing.com/?utm_campaign=gmb,ALIVE_200,A website concept for Armored Roofing Co Inc,"Hi Armored Roofing Co Team,

I came across your roofing company while researching contractors in Texas and was genuinely impressed by your business.

I specialize in designing premium websites exclusively for roofing companies, and I recently created a website concept. You can watch it in this short 20-second video:
https://drive.google.com/file/d/1q9v8Gy_De94jejUFJBult-yNQE75LV5J/view?usp=drivesdk

As I was looking at your company, I couldn't help but imagine how your brand could look with the same modern, professional online presence.

The websites I build are designed to:

• Build trust from the very first visit
• Look outstanding on every device
• Encourage more estimate requests
• Reflect the quality and professionalism of the company behind them

If you like what you see in the video, I'd be happy to create a free homepage mockup customized specifically for your company before you make any decision.

Just reply to this email, and I'll send it over.


Best,
Franco Samtoni

--
You're receiving this email because you're a roofing contractor in Texas. If you'd rather not hear from me again, just reply with ""unsubscribe"" and I'll remove you right away and never contact you again.
Barrio Viñas del Torreón, Maipú, Mendoza 5513, Argentina
"
10,"Big ""D"" Roofing Company, Inc.",bigdroofingco@gmail.com,+19724958000,http://bigdroofing.com/contact_us.html,ALIVE_200,"A website concept for Big ""D"" Roofing Company, Inc.","Hi Big ""D"" Roofing Company Team,

I came across your roofing company while researching contractors in Texas and was genuinely impressed by your business.

I specialize in designing premium websites exclusively for roofing companies, and I recently created a website concept. You can watch it in this short 20-second video:
https://drive.google.com/file/d/1q9v8Gy_De94jejUFJBult-yNQE75LV5J/view?usp=drivesdk

As I was looking at your company, I couldn't help but imagine how your brand could look with the same modern, professional online presence.

The websites I build are designed to:

• Build trust from the very first visit
• Look outstanding on every device
• Encourage more estimate requests
• Reflect the quality and professionalism of the company behind them

If you like what you see in the video, I'd be happy to create a free homepage mockup customized specifically for your company before you make any decision.

Just reply to this email, and I'll send it over.


Best,
Franco Samtoni

--
You're receiving this email because you're a roofing contractor in Texas. If you'd rather not hear from me again, just reply with ""unsubscribe"" and I'll remove you right away and never contact you again.
Barrio Viñas del Torreón, Maipú, Mendoza 5513, Argentina
"
11,Blue Eagle Roofing & Construction,dale@blueeaglegc.com,+18002178110,http://blueeaglegc.com/,ALIVE_200,A website concept for Blue Eagle Roofing & Construction,"Hi Blue Eagle Roofing & Construction Team,

I came across your roofing company while researching contractors in Texas and was genuinely impressed by your business.

I specialize in designing premium websites exclusively for roofing companies, and I recently created a website concept. You can watch it in this short 20-second video:
https://drive.google.com/file/d/1q9v8Gy_De94jejUFJBult-yNQE75LV5J/view?usp=drivesdk

As I was looking at your company, I couldn't help but imagine how your brand could look with the same modern, professional online presence.

The websites I build are designed to:

• Build trust from the very first visit
• Look outstanding on every device
• Encourage more estimate requests
• Reflect the quality and professionalism of the company behind them

If you like what you see in the video, I'd be happy to create a free homepage mockup customized specifically for your company before you make any decision.

Just reply to this email, and I'll send it over.


Best,
Franco Samtoni

--
You're receiving this email because you're a roofing contractor in Texas. If you'd rather not hear from me again, just reply with ""unsubscribe"" and I'll remove you right away and never contact you again.
Barrio Viñas del Torreón, Maipú, Mendoza 5513, Argentina
"
12,"Bunton Roofing Company, L.L.C.",john@buntonroofing.com,+13252747050,http://www.buntonroofing.com/,ALIVE_200,"A website concept for Bunton Roofing Company, L.L.C.","Hi Bunton Roofing Company Team,

I came across your roofing company while researching contractors in Texas and was genuinely impressed by your business.

I specialize in designing premium websites exclusively for roofing companies, and I recently created a website concept. You can watch it in this short 20-second video:
https://drive.google.com/file/d/1q9v8Gy_De94jejUFJBult-yNQE75LV5J/view?usp=drivesdk

As I was looking at your company, I couldn't help but imagine how your brand could look with the same modern, professional online presence.

The websites I build are designed to:

• Build trust from the very first visit
• Look outstanding on every device
• Encourage more estimate requests
• Reflect the quality and professionalism of the company behind them

If you like what you see in the video, I'd be happy to create a free homepage mockup customized specifically for your company before you make any decision.

Just reply to this email, and I'll send it over.


Best,
Franco Samtoni

--
You're receiving this email because you're a roofing contractor in Texas. If you'd rather not hear from me again, just reply with ""unsubscribe"" and I'll remove you right away and never contact you again.
Barrio Viñas del Torreón, Maipú, Mendoza 5513, Argentina
"
13,CA Roofing,marketing@caroofingsolutions.com,+19568660271,http://www.caroofingsolutions.com/,ALIVE_202,A website concept for CA Roofing,"Hi CA Roofing Team,

I came across your roofing company while researching contractors in Texas and was genuinely impressed by your business.

I specialize in designing premium websites exclusively for roofing companies, and I recently created a website concept. You can watch it in this short 20-second video:
https://drive.google.com/file/d/1q9v8Gy_De94jejUFJBult-yNQE75LV5J/view?usp=drivesdk

As I was looking at your company, I couldn't help but imagine how your brand could look with the same modern, professional online presence.

The websites I build are designed to:

• Build trust from the very first visit
• Look outstanding on every device
• Encourage more estimate requests
• Reflect the quality and professionalism of the company behind them

If you like what you see in the video, I'd be happy to create a free homepage mockup customized specifically for your company before you make any decision.

Just reply to this email, and I'll send it over.


Best,
Franco Samtoni

--
You're receiving this email because you're a roofing contractor in Texas. If you'd rather not hear from me again, just reply with ""unsubscribe"" and I'll remove you right away and never contact you again.
Barrio Viñas del Torreón, Maipú, Mendoza 5513, Argentina
"
14,"Caliber Roofing & Construction, LLC.",info@caliber-roofing.com,+19158205483,http://caliber-roofing.com/,ALIVE_200,"A website concept for Caliber Roofing & Construction, LLC.","Hi Caliber Roofing & Construction Team,

I came across your roofing company while researching contractors in Texas and was genuinely impressed by your business.

I specialize in designing premium websites exclusively for roofing companies, and I recently created a website concept. You can watch it in this short 20-second video:
https://drive.google.com/file/d/1q9v8Gy_De94jejUFJBult-yNQE75LV5J/view?usp=drivesdk

As I was looking at your company, I couldn't help but imagine how your brand could look with the same modern, professional online presence.

The websites I build are designed to:

• Build trust from the very first visit
• Look outstanding on every device
• Encourage more estimate requests
• Reflect the quality and professionalism of the company behind them

If you like what you see in the video, I'd be happy to create a free homepage mockup customized specifically for your company before you make any decision.

Just reply to this email, and I'll send it over.


Best,
Franco Samtoni

--
You're receiving this email because you're a roofing contractor in Texas. If you'd rather not hear from me again, just reply with ""unsubscribe"" and I'll remove you right away and never contact you again.
Barrio Viñas del Torreón, Maipú, Mendoza 5513, Argentina
"
15,Camacho Roofing LLC,camachoroofingtx@gmail.com,+19366481174,http://www.camachoroofing.org/,ALIVE_200,A website concept for Camacho Roofing LLC,"Hi Camacho Roofing Team,

I came across your roofing company while researching contractors in Texas and was genuinely impressed by your business.

I specialize in designing premium websites exclusively for roofing companies, and I recently created a website concept. You can watch it in this short 20-second video:
https://drive.google.com/file/d/1q9v8Gy_De94jejUFJBult-yNQE75LV5J/view?usp=drivesdk

As I was looking at your company, I couldn't help but imagine how your brand could look with the same modern, professional online presence.

The websites I build are designed to:

• Build trust from the very first visit
• Look outstanding on every device
• Encourage more estimate requests
• Reflect the quality and professionalism of the company behind them

If you like what you see in the video, I'd be happy to create a free homepage mockup customized specifically for your company before you make any decision.

Just reply to this email, and I'll send it over.


Best,
Franco Samtoni

--
You're receiving this email because you're a roofing contractor in Texas. If you'd rather not hear from me again, just reply with ""unsubscribe"" and I'll remove you right away and never contact you again.
Barrio Viñas del Torreón, Maipú, Mendoza 5513, Argentina
"
16,CAP Roofing and Construction LLC,info@caproofingconstruction.com,+18328020560,http://www.caproofingconstruction.com/,ALIVE_200,A website concept for CAP Roofing and Construction LLC,"Hi CAP Roofing and Construction Team,

I came across your roofing company while researching contractors in Texas and was genuinely impressed by your business.

I specialize in designing premium websites exclusively for roofing companies, and I recently created a website concept. You can watch it in this short 20-second video:
https://drive.google.com/file/d/1q9v8Gy_De94jejUFJBult-yNQE75LV5J/view?usp=drivesdk

As I was looking at your company, I couldn't help but imagine how your brand could look with the same modern, professional online presence.

The websites I build are designed to:

• Build trust from the very first visit
• Look outstanding on every device
• Encourage more estimate requests
• Reflect the quality and professionalism of the company behind them

If you like what you see in the video, I'd be happy to create a free homepage mockup customized specifically for your company before you make any decision.

Just reply to this email, and I'll send it over.


Best,
Franco Samtoni

--
You're receiving this email because you're a roofing contractor in Texas. If you'd rather not hear from me again, just reply with ""unsubscribe"" and I'll remove you right away and never contact you again.
Barrio Viñas del Torreón, Maipú, Mendoza 5513, Argentina
"
17,"Carpenter Roofing Company, Inc.",service@carpenterroof.com,+18067997030,http://carpenterroof.com/,ALIVE_200,"A website concept for Carpenter Roofing Company, Inc.","Hi Carpenter Roofing Company Team,

I came across your roofing company while researching contractors in Texas and was genuinely impressed by your business.

I specialize in designing premium websites exclusively for roofing companies, and I recently created a website concept. You can watch it in this short 20-second video:
https://drive.google.com/file/d/1q9v8Gy_De94jejUFJBult-yNQE75LV5J/view?usp=drivesdk

As I was looking at your company, I couldn't help but imagine how your brand could look with the same modern, professional online presence.

The websites I build are designed to:

• Build trust from the very first visit
• Look outstanding on every device
• Encourage more estimate requests
• Reflect the quality and professionalism of the company behind them

If you like what you see in the video, I'd be happy to create a free homepage mockup customized specifically for your company before you make any decision.

Just reply to this email, and I'll send it over.


Best,
Franco Samtoni

--
You're receiving this email because you're a roofing contractor in Texas. If you'd rather not hear from me again, just reply with ""unsubscribe"" and I'll remove you right away and never contact you again.
Barrio Viñas del Torreón, Maipú, Mendoza 5513, Argentina
"
18,Cornerstone Roofing Company,info@cornerstoneroofingcompanywf.com,+19404475944,http://www.cornerstoneroofingcompanywf.com/,ALIVE_200,A website concept for Cornerstone Roofing Company,"Hi Cornerstone Roofing Team,

I came across your roofing company while researching contractors in Texas and was genuinely impressed by your business.

I specialize in designing premium websites exclusively for roofing companies, and I recently created a website concept. You can watch it in this short 20-second video:
https://drive.google.com/file/d/1q9v8Gy_De94jejUFJBult-yNQE75LV5J/view?usp=drivesdk

As I was looking at your company, I couldn't help but imagine how your brand could look with the same modern, professional online presence.

The websites I build are designed to:

• Build trust from the very first visit
• Look outstanding on every device
• Encourage more estimate requests
• Reflect the quality and professionalism of the company behind them

If you like what you see in the video, I'd be happy to create a free homepage mockup customized specifically for your company before you make any decision.

Just reply to this email, and I'll send it over.


Best,
Franco Samtoni

--
You're receiving this email because you're a roofing contractor in Texas. If you'd rather not hear from me again, just reply with ""unsubscribe"" and I'll remove you right away and never contact you again.
Barrio Viñas del Torreón, Maipú, Mendoza 5513, Argentina
"
19,Covered Roofing,info@coveredroofing.net,+12815773518,http://www.coveredroofing.net/,ALIVE_200,A website concept for Covered Roofing,"Hi Covered Roofing Team,

I came across your roofing company while researching contractors in Texas and was genuinely impressed by your business.

I specialize in designing premium websites exclusively for roofing companies, and I recently created a website concept. You can watch it in this short 20-second video:
https://drive.google.com/file/d/1q9v8Gy_De94jejUFJBult-yNQE75LV5J/view?usp=drivesdk

As I was looking at your company, I couldn't help but imagine how your brand could look with the same modern, professional online presence.

The websites I build are designed to:

• Build trust from the very first visit
• Look outstanding on every device
• Encourage more estimate requests
• Reflect the quality and professionalism of the company behind them

If you like what you see in the video, I'd be happy to create a free homepage mockup customized specifically for your company before you make any decision.

Just reply to this email, and I'll send it over.


Best,
Franco Samtoni

--
You're receiving this email because you're a roofing contractor in Texas. If you'd rather not hear from me again, just reply with ""unsubscribe"" and I'll remove you right away and never contact you again.
Barrio Viñas del Torreón, Maipú, Mendoza 5513, Argentina
"
20,Denton Roofing,contact@dfwroofingpro.com,+19729791070,http://dentonroofingpro.com/contact-us/,ALIVE_200,A website concept for Denton Roofing,"Hi Denton Roofing Team,

I came across your roofing company while researching contractors in Texas and was genuinely impressed by your business.

I specialize in designing premium websites exclusively for roofing companies, and I recently created a website concept. You can watch it in this short 20-second video:
https://drive.google.com/file/d/1q9v8Gy_De94jejUFJBult-yNQE75LV5J/view?usp=drivesdk

As I was looking at your company, I couldn't help but imagine how your brand could look with the same modern, professional online presence.

The websites I build are designed to:

• Build trust from the very first visit
• Look outstanding on every device
• Encourage more estimate requests
• Reflect the quality and professionalism of the company behind them

If you like what you see in the video, I'd be happy to create a free homepage mockup customized specifically for your company before you make any decision.

Just reply to this email, and I'll send it over.


Best,
Franco Samtoni

--
You're receiving this email because you're a roofing contractor in Texas. If you'd rather not hear from me again, just reply with ""unsubscribe"" and I'll remove you right away and never contact you again.
Barrio Viñas del Torreón, Maipú, Mendoza 5513, Argentina
"
21,Done Right Roofing & General Construction INC,info@donerightroofing.net,+19796903400,http://www.donerightroofing.net/,ALIVE_200,A website concept for Done Right Roofing & General Construction INC,"Hi Done Right Roofing & General Construction Team,

I came across your roofing company while researching contractors in Texas and was genuinely impressed by your business.

I specialize in designing premium websites exclusively for roofing companies, and I recently created a website concept. You can watch it in this short 20-second video:
https://drive.google.com/file/d/1q9v8Gy_De94jejUFJBult-yNQE75LV5J/view?usp=drivesdk

As I was looking at your company, I couldn't help but imagine how your brand could look with the same modern, professional online presence.

The websites I build are designed to:

• Build trust from the very first visit
• Look outstanding on every device
• Encourage more estimate requests
• Reflect the quality and professionalism of the company behind them

If you like what you see in the video, I'd be happy to create a free homepage mockup customized specifically for your company before you make any decision.

Just reply to this email, and I'll send it over.


Best,
Franco Samtoni

--
You're receiving this email because you're a roofing contractor in Texas. If you'd rather not hear from me again, just reply with ""unsubscribe"" and I'll remove you right away and never contact you again.
Barrio Viñas del Torreón, Maipú, Mendoza 5513, Argentina
"
22,E&D Premier Roofing & Solar LLC,splidejs/splide@4.1.4,+14693630187,http://edpremierroofing.com/?utm_source=gmb&utm_medium=referral,ALIVE_200,A website concept for E&D Premier Roofing & Solar LLC,"Hi E&D Premier Roofing & Solar Team,

I came across your roofing company while researching contractors in Texas and was genuinely impressed by your business.

I specialize in designing premium websites exclusively for roofing companies, and I recently created a website concept. You can watch it in this short 20-second video:
https://drive.google.com/file/d/1q9v8Gy_De94jejUFJBult-yNQE75LV5J/view?usp=drivesdk

As I was looking at your company, I couldn't help but imagine how your brand could look with the same modern, professional online presence.

The websites I build are designed to:

• Build trust from the very first visit
• Look outstanding on every device
• Encourage more estimate requests
• Reflect the quality and professionalism of the company behind them

If you like what you see in the video, I'd be happy to create a free homepage mockup customized specifically for your company before you make any decision.

Just reply to this email, and I'll send it over.


Best,
Franco Samtoni

--
You're receiving this email because you're a roofing contractor in Texas. If you'd rather not hear from me again, just reply with ""unsubscribe"" and I'll remove you right away and never contact you again.
Barrio Viñas del Torreón, Maipú, Mendoza 5513, Argentina
"
23,Ernie Smith & Sons Roofing,info@smithandsonsroofing.com,+18323365153,http://www.smithandsonsroofing.com/,ALIVE_200,A website concept for Ernie Smith & Sons Roofing,"Hi Ernie Smith & Sons Roofing Team,

I came across your roofing company while researching contractors in Texas and was genuinely impressed by your business.

I specialize in designing premium websites exclusively for roofing companies, and I recently created a website concept. You can watch it in this short 20-second video:
https://drive.google.com/file/d/1q9v8Gy_De94jejUFJBult-yNQE75LV5J/view?usp=drivesdk

As I was looking at your company, I couldn't help but imagine how your brand could look with the same modern, professional online presence.

The websites I build are designed to:

• Build trust from the very first visit
• Look outstanding on every device
• Encourage more estimate requests
• Reflect the quality and professionalism of the company behind them

If you like what you see in the video, I'd be happy to create a free homepage mockup customized specifically for your company before you make any decision.

Just reply to this email, and I'll send it over.


Best,
Franco Samtoni

--
You're receiving this email because you're a roofing contractor in Texas. If you'd rather not hear from me again, just reply with ""unsubscribe"" and I'll remove you right away and never contact you again.
Barrio Viñas del Torreón, Maipú, Mendoza 5513, Argentina
"
24,"Frisco Roofing, llc",wes@friscoroofingllc.com,+19725673362,http://www.friscoroofingllc.com/,ALIVE_200,"A website concept for Frisco Roofing, llc","Hi Frisco Roofing Team,

I came across your roofing company while researching contractors in Texas and was genuinely impressed by your business.

I specialize in designing premium websites exclusively for roofing companies, and I recently created a website concept. You can watch it in this short 20-second video:
https://drive.google.com/file/d/1q9v8Gy_De94jejUFJBult-yNQE75LV5J/view?usp=drivesdk

As I was looking at your company, I couldn't help but imagine how your brand could look with the same modern, professional online presence.

The websites I build are designed to:

• Build trust from the very first visit
• Look outstanding on every device
• Encourage more estimate requests
• Reflect the quality and professionalism of the company behind them

If you like what you see in the video, I'd be happy to create a free homepage mockup customized specifically for your company before you make any decision.

Just reply to this email, and I'll send it over.


Best,
Franco Samtoni

--
You're receiving this email because you're a roofing contractor in Texas. If you'd rather not hear from me again, just reply with ""unsubscribe"" and I'll remove you right away and never contact you again.
Barrio Viñas del Torreón, Maipú, Mendoza 5513, Argentina
"
25,GP Roofing and Remodeling,info@gproofing.org,+14698800937,http://gproofingandremodeling.com/,ALIVE_403,A website concept for GP Roofing and Remodeling,"Hi GP Roofing and Remodeling Team,

I came across your roofing company while researching contractors in Texas and was genuinely impressed by your business.

I specialize in designing premium websites exclusively for roofing companies, and I recently created a website concept. You can watch it in this short 20-second video:
https://drive.google.com/file/d/1q9v8Gy_De94jejUFJBult-yNQE75LV5J/view?usp=drivesdk

As I was looking at your company, I couldn't help but imagine how your brand could look with the same modern, professional online presence.

The websites I build are designed to:

• Build trust from the very first visit
• Look outstanding on every device
• Encourage more estimate requests
• Reflect the quality and professionalism of the company behind them

If you like what you see in the video, I'd be happy to create a free homepage mockup customized specifically for your company before you make any decision.

Just reply to this email, and I'll send it over.


Best,
Franco Samtoni

--
You're receiving this email because you're a roofing contractor in Texas. If you'd rather not hear from me again, just reply with ""unsubscribe"" and I'll remove you right away and never contact you again.
Barrio Viñas del Torreón, Maipú, Mendoza 5513, Argentina
"
26,Hartman Roofing,jay@hartmanroofing.com,+13256925003,http://www.hartmanroofing.com/,ALIVE_200,A website concept for Hartman Roofing,"Hi Hartman Roofing Team,

I came across your roofing company while researching contractors in Texas and was genuinely impressed by your business.

I specialize in designing premium websites exclusively for roofing companies, and I recently created a website concept. You can watch it in this short 20-second video:
https://drive.google.com/file/d/1q9v8Gy_De94jejUFJBult-yNQE75LV5J/view?usp=drivesdk

As I was looking at your company, I couldn't help but imagine how your brand could look with the same modern, professional online presence.

The websites I build are designed to:

• Build trust from the very first visit
• Look outstanding on every device
• Encourage more estimate requests
• Reflect the quality and professionalism of the company behind them

If you like what you see in the video, I'd be happy to create a free homepage mockup customized specifically for your company before you make any decision.

Just reply to this email, and I'll send it over.


Best,
Franco Samtoni

--
You're receiving this email because you're a roofing contractor in Texas. If you'd rather not hear from me again, just reply with ""unsubscribe"" and I'll remove you right away and never contact you again.
Barrio Viñas del Torreón, Maipú, Mendoza 5513, Argentina
"
27,Hartman Roofing,jay@hartmanroofing.com,+13256532888,http://www.hartmanroofing.com/,ALIVE_200,A website concept for Hartman Roofing,"Hi Hartman Roofing Team,

I came across your roofing company while researching contractors in Texas and was genuinely impressed by your business.

I specialize in designing premium websites exclusively for roofing companies, and I recently created a website concept. You can watch it in this short 20-second video:
https://drive.google.com/file/d/1q9v8Gy_De94jejUFJBult-yNQE75LV5J/view?usp=drivesdk

As I was looking at your company, I couldn't help but imagine how your brand could look with the same modern, professional online presence.

The websites I build are designed to:

• Build trust from the very first visit
• Look outstanding on every device
• Encourage more estimate requests
• Reflect the quality and professionalism of the company behind them

If you like what you see in the video, I'd be happy to create a free homepage mockup customized specifically for your company before you make any decision.

Just reply to this email, and I'll send it over.


Best,
Franco Samtoni

--
You're receiving this email because you're a roofing contractor in Texas. If you'd rather not hear from me again, just reply with ""unsubscribe"" and I'll remove you right away and never contact you again.
Barrio Viñas del Torreón, Maipú, Mendoza 5513, Argentina
"
28,Hartman Roofing Inc,jay@hartmanroofing.com,+18063728510,http://hartmanroofing.com/,ALIVE_200,A website concept for Hartman Roofing Inc,"Hi Hartman Roofing Team,

I came across your roofing company while researching contractors in Texas and was genuinely impressed by your business.

I specialize in designing premium websites exclusively for roofing companies, and I recently created a website concept. You can watch it in this short 20-second video:
https://drive.google.com/file/d/1q9v8Gy_De94jejUFJBult-yNQE75LV5J/view?usp=drivesdk

As I was looking at your company, I couldn't help but imagine how your brand could look with the same modern, professional online presence.

The websites I build are designed to:

• Build trust from the very first visit
• Look outstanding on every device
• Encourage more estimate requests
• Reflect the quality and professionalism of the company behind them

If you like what you see in the video, I'd be happy to create a free homepage mockup customized specifically for your company before you make any decision.

Just reply to this email, and I'll send it over.


Best,
Franco Samtoni

--
You're receiving this email because you're a roofing contractor in Texas. If you'd rather not hear from me again, just reply with ""unsubscribe"" and I'll remove you right away and never contact you again.
Barrio Viñas del Torreón, Maipú, Mendoza 5513, Argentina
"
29,Hartman Roofing Lubbock,info@hartmanroofinglubbock.com,+18066150061,http://hartmanroofinglubbock.com/,ALIVE_200,A website concept for Hartman Roofing Lubbock,"Hi Hartman Roofing Lubbock Team,

I came across your roofing company while researching contractors in Texas and was genuinely impressed by your business.

I specialize in designing premium websites exclusively for roofing companies, and I recently created a website concept. You can watch it in this short 20-second video:
https://drive.google.com/file/d/1q9v8Gy_De94jejUFJBult-yNQE75LV5J/view?usp=drivesdk

As I was looking at your company, I couldn't help but imagine how your brand could look with the same modern, professional online presence.

The websites I build are designed to:

• Build trust from the very first visit
• Look outstanding on every device
• Encourage more estimate requests
• Reflect the quality and professionalism of the company behind them

If you like what you see in the video, I'd be happy to create a free homepage mockup customized specifically for your company before you make any decision.

Just reply to this email, and I'll send it over.


Best,
Franco Samtoni

--
You're receiving this email because you're a roofing contractor in Texas. If you'd rather not hear from me again, just reply with ""unsubscribe"" and I'll remove you right away and never contact you again.
Barrio Viñas del Torreón, Maipú, Mendoza 5513, Argentina
"
30,"Hartman Roofing, Inc",jay@hartmanroofing.com,+14325221117,http://www.hartmanroofing.com/,ALIVE_200,"A website concept for Hartman Roofing, Inc","Hi Hartman Roofing Team,

I came across your roofing company while researching contractors in Texas and was genuinely impressed by your business.

I specialize in designing premium websites exclusively for roofing companies, and I recently created a website concept. You can watch it in this short 20-second video:
https://drive.google.com/file/d/1q9v8Gy_De94jejUFJBult-yNQE75LV5J/view?usp=drivesdk

As I was looking at your company, I couldn't help but imagine how your brand could look with the same modern, professional online presence.

The websites I build are designed to:

• Build trust from the very first visit
• Look outstanding on every device
• Encourage more estimate requests
• Reflect the quality and professionalism of the company behind them

If you like what you see in the video, I'd be happy to create a free homepage mockup customized specifically for your company before you make any decision.

Just reply to this email, and I'll send it over.


Best,
Franco Samtoni

--
You're receiving this email because you're a roofing contractor in Texas. If you'd rather not hear from me again, just reply with ""unsubscribe"" and I'll remove you right away and never contact you again.
Barrio Viñas del Torreón, Maipú, Mendoza 5513, Argentina
"
31,"Hometown Roofing, Inc",hometownroofingoftexas@gmail.com,+14695835228,http://www.hometownroofinginc.net/,ALIVE_200,"A website concept for Hometown Roofing, Inc","Hi Hometown Roofing Team,

I came across your roofing company while researching contractors in Texas and was genuinely impressed by your business.

I specialize in designing premium websites exclusively for roofing companies, and I recently created a website concept. You can watch it in this short 20-second video:
https://drive.google.com/file/d/1q9v8Gy_De94jejUFJBult-yNQE75LV5J/view?usp=drivesdk

As I was looking at your company, I couldn't help but imagine how your brand could look with the same modern, professional online presence.

The websites I build are designed to:

• Build trust from the very first visit
• Look outstanding on every device
• Encourage more estimate requests
• Reflect the quality and professionalism of the company behind them

If you like what you see in the video, I'd be happy to create a free homepage mockup customized specifically for your company before you make any decision.

Just reply to this email, and I'll send it over.


Best,
Franco Samtoni

--
You're receiving this email because you're a roofing contractor in Texas. If you'd rather not hear from me again, just reply with ""unsubscribe"" and I'll remove you right away and never contact you again.
Barrio Viñas del Torreón, Maipú, Mendoza 5513, Argentina
"
32,Horizon Roofing Specialists,info@roofinghorizon.com,+18305153434,http://horizonroofingspecialists.com/,ALIVE_200,A website concept for Horizon Roofing Specialists,"Hi Horizon Roofing Specialists Team,

I came across your roofing company while researching contractors in Texas and was genuinely impressed by your business.

I specialize in designing premium websites exclusively for roofing companies, and I recently created a website concept. You can watch it in this short 20-second video:
https://drive.google.com/file/d/1q9v8Gy_De94jejUFJBult-yNQE75LV5J/view?usp=drivesdk

As I was looking at your company, I couldn't help but imagine how your brand could look with the same modern, professional online presence.

The websites I build are designed to:

• Build trust from the very first visit
• Look outstanding on every device
• Encourage more estimate requests
• Reflect the quality and professionalism of the company behind them

If you like what you see in the video, I'd be happy to create a free homepage mockup customized specifically for your company before you make any decision.

Just reply to this email, and I'll send it over.


Best,
Franco Samtoni

--
You're receiving this email because you're a roofing contractor in Texas. If you'd rather not hear from me again, just reply with ""unsubscribe"" and I'll remove you right away and never contact you again.
Barrio Viñas del Torreón, Maipú, Mendoza 5513, Argentina
"
33,Houston Roofing & Construction,info@myhrc.biz,+18322373737,http://www.houstonroofingonline.com/,ALIVE_202,A website concept for Houston Roofing & Construction,"Hi Houston Roofing & Construction Team,

I came across your roofing company while researching contractors in Texas and was genuinely impressed by your business.

I specialize in designing premium websites exclusively for roofing companies, and I recently created a website concept. You can watch it in this short 20-second video:
https://drive.google.com/file/d/1q9v8Gy_De94jejUFJBult-yNQE75LV5J/view?usp=drivesdk

As I was looking at your company, I couldn't help but imagine how your brand could look with the same modern, professional online presence.

The websites I build are designed to:

• Build trust from the very first visit
• Look outstanding on every device
• Encourage more estimate requests
• Reflect the quality and professionalism of the company behind them

If you like what you see in the video, I'd be happy to create a free homepage mockup customized specifically for your company before you make any decision.

Just reply to this email, and I'll send it over.


Best,
Franco Samtoni

--
You're receiving this email because you're a roofing contractor in Texas. If you'd rather not hear from me again, just reply with ""unsubscribe"" and I'll remove you right away and never contact you again.
Barrio Viñas del Torreón, Maipú, Mendoza 5513, Argentina
"
34,Ideal Precision Roofing & Exteriors LLC,michael@idealroofer.com,+12104851553,http://www.idealprecisionroofing.com/,ALIVE_202,A website concept for Ideal Precision Roofing & Exteriors LLC,"Hi Ideal Precision Roofing & Exteriors Team,

I came across your roofing company while researching contractors in Texas and was genuinely impressed by your business.

I specialize in designing premium websites exclusively for roofing companies, and I recently created a website concept. You can watch it in this short 20-second video:
https://drive.google.com/file/d/1q9v8Gy_De94jejUFJBult-yNQE75LV5J/view?usp=drivesdk

As I was looking at your company, I couldn't help but imagine how your brand could look with the same modern, professional online presence.

The websites I build are designed to:

• Build trust from the very first visit
• Look outstanding on every device
• Encourage more estimate requests
• Reflect the quality and professionalism of the company behind them

If you like what you see in the video, I'd be happy to create a free homepage mockup customized specifically for your company before you make any decision.

Just reply to this email, and I'll send it over.


Best,
Franco Samtoni

--
You're receiving this email because you're a roofing contractor in Texas. If you'd rather not hear from me again, just reply with ""unsubscribe"" and I'll remove you right away and never contact you again.
Barrio Viñas del Torreón, Maipú, Mendoza 5513, Argentina
"
35,Jenkins Roofing and Construction,info@jenkinsroofing.com,+18178866710,http://www.jenkinsroofing.com/,ALIVE_200,A website concept for Jenkins Roofing and Construction,"Hi Jenkins Roofing and Construction Team,

I came across your roofing company while researching contractors in Texas and was genuinely impressed by your business.

I specialize in designing premium websites exclusively for roofing companies, and I recently created a website concept. You can watch it in this short 20-second video:
https://drive.google.com/file/d/1q9v8Gy_De94jejUFJBult-yNQE75LV5J/view?usp=drivesdk

As I was looking at your company, I couldn't help but imagine how your brand could look with the same modern, professional online presence.

The websites I build are designed to:

• Build trust from the very first visit
• Look outstanding on every device
• Encourage more estimate requests
• Reflect the quality and professionalism of the company behind them

If you like what you see in the video, I'd be happy to create a free homepage mockup customized specifically for your company before you make any decision.

Just reply to this email, and I'll send it over.


Best,
Franco Samtoni

--
You're receiving this email because you're a roofing contractor in Texas. If you'd rather not hear from me again, just reply with ""unsubscribe"" and I'll remove you right away and never contact you again.
Barrio Viñas del Torreón, Maipú, Mendoza 5513, Argentina
"
36,JJ Flores Roofing & Sheet Metal Co.,jjfloresroofing_request@outlook.com,+19567227688,http://jjfloresroofing.co/,ALIVE_200,A website concept for JJ Flores Roofing & Sheet Metal Co.,"Hi JJ Flores Roofing & Sheet Metal Team,

I came across your roofing company while researching contractors in Texas and was genuinely impressed by your business.

I specialize in designing premium websites exclusively for roofing companies, and I recently created a website concept. You can watch it in this short 20-second video:
https://drive.google.com/file/d/1q9v8Gy_De94jejUFJBult-yNQE75LV5J/view?usp=drivesdk

As I was looking at your company, I couldn't help but imagine how your brand could look with the same modern, professional online presence.

The websites I build are designed to:

• Build trust from the very first visit
• Look outstanding on every device
• Encourage more estimate requests
• Reflect the quality and professionalism of the company behind them

If you like what you see in the video, I'd be happy to create a free homepage mockup customized specifically for your company before you make any decision.

Just reply to this email, and I'll send it over.


Best,
Franco Samtoni

--
You're receiving this email because you're a roofing contractor in Texas. If you'd rather not hear from me again, just reply with ""unsubscribe"" and I'll remove you right away and never contact you again.
Barrio Viñas del Torreón, Maipú, Mendoza 5513, Argentina
"
37,John Wade Roofing,john@johnwaderoofing.com,+18172655520,http://johnwaderoofing.com/,ALIVE_200,A website concept for John Wade Roofing,"Hi John Wade Roofing Team,

I came across your roofing company while researching contractors in Texas and was genuinely impressed by your business.

I specialize in designing premium websites exclusively for roofing companies, and I recently created a website concept. You can watch it in this short 20-second video:
https://drive.google.com/file/d/1q9v8Gy_De94jejUFJBult-yNQE75LV5J/view?usp=drivesdk

As I was looking at your company, I couldn't help but imagine how your brand could look with the same modern, professional online presence.

The websites I build are designed to:

• Build trust from the very first visit
• Look outstanding on every device
• Encourage more estimate requests
• Reflect the quality and professionalism of the company behind them

If you like what you see in the video, I'd be happy to create a free homepage mockup customized specifically for your company before you make any decision.

Just reply to this email, and I'll send it over.


Best,
Franco Samtoni

--
You're receiving this email because you're a roofing contractor in Texas. If you'd rather not hear from me again, just reply with ""unsubscribe"" and I'll remove you right away and never contact you again.
Barrio Viñas del Torreón, Maipú, Mendoza 5513, Argentina
"
38,KangaRoof,info@callkangaroof.com,+15123887663,http://www.callkangaroof.com/,ALIVE_200,A website concept for KangaRoof,"Hi KangaRoof Team,

I came across your roofing company while researching contractors in Texas and was genuinely impressed by your business.

I specialize in designing premium websites exclusively for roofing companies, and I recently created a website concept. You can watch it in this short 20-second video:
https://drive.google.com/file/d/1q9v8Gy_De94jejUFJBult-yNQE75LV5J/view?usp=drivesdk

As I was looking at your company, I couldn't help but imagine how your brand could look with the same modern, professional online presence.

The websites I build are designed to:

• Build trust from the very first visit
• Look outstanding on every device
• Encourage more estimate requests
• Reflect the quality and professionalism of the company behind them

If you like what you see in the video, I'd be happy to create a free homepage mockup customized specifically for your company before you make any decision.

Just reply to this email, and I'll send it over.


Best,
Franco Samtoni

--
You're receiving this email because you're a roofing contractor in Texas. If you'd rather not hear from me again, just reply with ""unsubscribe"" and I'll remove you right away and never contact you again.
Barrio Viñas del Torreón, Maipú, Mendoza 5513, Argentina
"
39,Lange Roofing,langeroofingllc@gmail.com,+12542900230,http://www.langeroofingllc.com/,ALIVE_200,A website concept for Lange Roofing,"Hi Lange Roofing Team,

I came across your roofing company while researching contractors in Texas and was genuinely impressed by your business.

I specialize in designing premium websites exclusively for roofing companies, and I recently created a website concept. You can watch it in this short 20-second video:
https://drive.google.com/file/d/1q9v8Gy_De94jejUFJBult-yNQE75LV5J/view?usp=drivesdk

As I was looking at your company, I couldn't help but imagine how your brand could look with the same modern, professional online presence.

The websites I build are designed to:

• Build trust from the very first visit
• Look outstanding on every device
• Encourage more estimate requests
• Reflect the quality and professionalism of the company behind them

If you like what you see in the video, I'd be happy to create a free homepage mockup customized specifically for your company before you make any decision.

Just reply to this email, and I'll send it over.


Best,
Franco Samtoni

--
You're receiving this email because you're a roofing contractor in Texas. If you'd rather not hear from me again, just reply with ""unsubscribe"" and I'll remove you right away and never contact you again.
Barrio Viñas del Torreón, Maipú, Mendoza 5513, Argentina
"
40,Layne Tech Roofing,laynetech@gmail.com,+13256904101,http://www.laynetechroofing.com/,ALIVE_200,A website concept for Layne Tech Roofing,"Hi Layne Tech Roofing Team,

I came across your roofing company while researching contractors in Texas and was genuinely impressed by your business.

I specialize in designing premium websites exclusively for roofing companies, and I recently created a website concept. You can watch it in this short 20-second video:
https://drive.google.com/file/d/1q9v8Gy_De94jejUFJBult-yNQE75LV5J/view?usp=drivesdk

As I was looking at your company, I couldn't help but imagine how your brand could look with the same modern, professional online presence.

The websites I build are designed to:

• Build trust from the very first visit
• Look outstanding on every device
• Encourage more estimate requests
• Reflect the quality and professionalism of the company behind them

If you like what you see in the video, I'd be happy to create a free homepage mockup customized specifically for your company before you make any decision.

Just reply to this email, and I'll send it over.


Best,
Franco Samtoni

--
You're receiving this email because you're a roofing contractor in Texas. If you'd rather not hear from me again, just reply with ""unsubscribe"" and I'll remove you right away and never contact you again.
Barrio Viñas del Torreón, Maipú, Mendoza 5513, Argentina
"
41,Lifeline Roofing Systems,office.lifelineroofingsystems@gmail.com,+19367012242,http://lifelineroofingsystems.com/,ALIVE_200,A website concept for Lifeline Roofing Systems,"Hi Lifeline Roofing Systems Team,

I came across your roofing company while researching contractors in Texas and was genuinely impressed by your business.

I specialize in designing premium websites exclusively for roofing companies, and I recently created a website concept. You can watch it in this short 20-second video:
https://drive.google.com/file/d/1q9v8Gy_De94jejUFJBult-yNQE75LV5J/view?usp=drivesdk

As I was looking at your company, I couldn't help but imagine how your brand could look with the same modern, professional online presence.

The websites I build are designed to:

• Build trust from the very first visit
• Look outstanding on every device
• Encourage more estimate requests
• Reflect the quality and professionalism of the company behind them

If you like what you see in the video, I'd be happy to create a free homepage mockup customized specifically for your company before you make any decision.

Just reply to this email, and I'll send it over.


Best,
Franco Samtoni

--
You're receiving this email because you're a roofing contractor in Texas. If you'd rather not hear from me again, just reply with ""unsubscribe"" and I'll remove you right away and never contact you again.
Barrio Viñas del Torreón, Maipú, Mendoza 5513, Argentina
"
42,"Lone Ranger Roofing, LLC",info@lonerangerroofing.com,+12543001413,http://lonerangerroofing.com/,ALIVE_200,"A website concept for Lone Ranger Roofing, LLC","Hi Lone Ranger Roofing Team,

I came across your roofing company while researching contractors in Texas and was genuinely impressed by your business.

I specialize in designing premium websites exclusively for roofing companies, and I recently created a website concept. You can watch it in this short 20-second video:
https://drive.google.com/file/d/1q9v8Gy_De94jejUFJBult-yNQE75LV5J/view?usp=drivesdk

As I was looking at your company, I couldn't help but imagine how your brand could look with the same modern, professional online presence.

The websites I build are designed to:

• Build trust from the very first visit
• Look outstanding on every device
• Encourage more estimate requests
• Reflect the quality and professionalism of the company behind them

If you like what you see in the video, I'd be happy to create a free homepage mockup customized specifically for your company before you make any decision.

Just reply to this email, and I'll send it over.


Best,
Franco Samtoni

--
You're receiving this email because you're a roofing contractor in Texas. If you'd rather not hear from me again, just reply with ""unsubscribe"" and I'll remove you right away and never contact you again.
Barrio Viñas del Torreón, Maipú, Mendoza 5513, Argentina
"
43,Lone-Star Roof Systems,optout@lonestarroofsystems.com,+18003171939,http://www.lonestarroofsystems.com/,ALIVE_200,A website concept for Lone-Star Roof Systems,"Hi Lone-Star Roof Systems Team,

I came across your roofing company while researching contractors in Texas and was genuinely impressed by your business.

I specialize in designing premium websites exclusively for roofing companies, and I recently created a website concept. You can watch it in this short 20-second video:
https://drive.google.com/file/d/1q9v8Gy_De94jejUFJBult-yNQE75LV5J/view?usp=drivesdk

As I was looking at your company, I couldn't help but imagine how your brand could look with the same modern, professional online presence.

The websites I build are designed to:

• Build trust from the very first visit
• Look outstanding on every device
• Encourage more estimate requests
• Reflect the quality and professionalism of the company behind them

If you like what you see in the video, I'd be happy to create a free homepage mockup customized specifically for your company before you make any decision.

Just reply to this email, and I'll send it over.


Best,
Franco Samtoni

--
You're receiving this email because you're a roofing contractor in Texas. If you'd rather not hear from me again, just reply with ""unsubscribe"" and I'll remove you right away and never contact you again.
Barrio Viñas del Torreón, Maipú, Mendoza 5513, Argentina
"
44,Longhorn Roofing,info@getlonghorn.com,+19564791060,http://www.getlonghorn.com/,ALIVE_200,A website concept for Longhorn Roofing,"Hi Longhorn Roofing Team,

I came across your roofing company while researching contractors in Texas and was genuinely impressed by your business.

I specialize in designing premium websites exclusively for roofing companies, and I recently created a website concept. You can watch it in this short 20-second video:
https://drive.google.com/file/d/1q9v8Gy_De94jejUFJBult-yNQE75LV5J/view?usp=drivesdk

As I was looking at your company, I couldn't help but imagine how your brand could look with the same modern, professional online presence.

The websites I build are designed to:

• Build trust from the very first visit
• Look outstanding on every device
• Encourage more estimate requests
• Reflect the quality and professionalism of the company behind them

If you like what you see in the video, I'd be happy to create a free homepage mockup customized specifically for your company before you make any decision.

Just reply to this email, and I'll send it over.


Best,
Franco Samtoni

--
You're receiving this email because you're a roofing contractor in Texas. If you'd rather not hear from me again, just reply with ""unsubscribe"" and I'll remove you right away and never contact you again.
Barrio Viñas del Torreón, Maipú, Mendoza 5513, Argentina
"
45,Longview Roofing LLC,marketing.longviewroofingllc@gmail.com,+19032388841,http://www.longviewroofingllc.com/,ALIVE_200,A website concept for Longview Roofing LLC,"Hi Longview Roofing Team,

I came across your roofing company while researching contractors in Texas and was genuinely impressed by your business.

I specialize in designing premium websites exclusively for roofing companies, and I recently created a website concept. You can watch it in this short 20-second video:
https://drive.google.com/file/d/1q9v8Gy_De94jejUFJBult-yNQE75LV5J/view?usp=drivesdk

As I was looking at your company, I couldn't help but imagine how your brand could look with the same modern, professional online presence.

The websites I build are designed to:

• Build trust from the very first visit
• Look outstanding on every device
• Encourage more estimate requests
• Reflect the quality and professionalism of the company behind them

If you like what you see in the video, I'd be happy to create a free homepage mockup customized specifically for your company before you make any decision.

Just reply to this email, and I'll send it over.


Best,
Franco Samtoni

--
You're receiving this email because you're a roofing contractor in Texas. If you'd rather not hear from me again, just reply with ""unsubscribe"" and I'll remove you right away and never contact you again.
Barrio Viñas del Torreón, Maipú, Mendoza 5513, Argentina
"
46,Low Cost Roofing Dallas,roofdallas29@gmail.com,+19729050444,http://alowcostroofingdallas.com/,ALIVE_200,A website concept for Low Cost Roofing Dallas,"Hi Low Cost Roofing Dallas Team,

I came across your roofing company while researching contractors in Texas and was genuinely impressed by your business.

I specialize in designing premium websites exclusively for roofing companies, and I recently created a website concept. You can watch it in this short 20-second video:
https://drive.google.com/file/d/1q9v8Gy_De94jejUFJBult-yNQE75LV5J/view?usp=drivesdk

As I was looking at your company, I couldn't help but imagine how your brand could look with the same modern, professional online presence.

The websites I build are designed to:

• Build trust from the very first visit
• Look outstanding on every device
• Encourage more estimate requests
• Reflect the quality and professionalism of the company behind them

If you like what you see in the video, I'd be happy to create a free homepage mockup customized specifically for your company before you make any decision.

Just reply to this email, and I'll send it over.


Best,
Franco Samtoni

--
You're receiving this email because you're a roofing contractor in Texas. If you'd rather not hear from me again, just reply with ""unsubscribe"" and I'll remove you right away and never contact you again.
Barrio Viñas del Torreón, Maipú, Mendoza 5513, Argentina
"
47,McKinney Roofing and Construction,mckinneyroofing@gmail.com,+19729778210,http://mckinneyroofing.com/,ALIVE_200,A website concept for McKinney Roofing and Construction,"Hi McKinney Roofing and Construction Team,

I came across your roofing company while researching contractors in Texas and was genuinely impressed by your business.

I specialize in designing premium websites exclusively for roofing companies, and I recently created a website concept. You can watch it in this short 20-second video:
https://drive.google.com/file/d/1q9v8Gy_De94jejUFJBult-yNQE75LV5J/view?usp=drivesdk

As I was looking at your company, I couldn't help but imagine how your brand could look with the same modern, professional online presence.

The websites I build are designed to:

• Build trust from the very first visit
• Look outstanding on every device
• Encourage more estimate requests
• Reflect the quality and professionalism of the company behind them

If you like what you see in the video, I'd be happy to create a free homepage mockup customized specifically for your company before you make any decision.

Just reply to this email, and I'll send it over.


Best,
Franco Samtoni

--
You're receiving this email because you're a roofing contractor in Texas. If you'd rather not hear from me again, just reply with ""unsubscribe"" and I'll remove you right away and never contact you again.
Barrio Viñas del Torreón, Maipú, Mendoza 5513, Argentina
"
48,MD Roofing & Construction,michael@mdroofingpros.com,+19728343009,http://mdroofingpros.com/?utm_source=google-gmb-maps&utm_medium=gmb-website-button&utm_campaign=locl.io&utm_content=17967448-f406-4205-9d94-f685d229b7b1,ALIVE_200,A website concept for MD Roofing & Construction,"Hi MD Roofing & Construction Team,

I came across your roofing company while researching contractors in Texas and was genuinely impressed by your business.

I specialize in designing premium websites exclusively for roofing companies, and I recently created a website concept. You can watch it in this short 20-second video:
https://drive.google.com/file/d/1q9v8Gy_De94jejUFJBult-yNQE75LV5J/view?usp=drivesdk

As I was looking at your company, I couldn't help but imagine how your brand could look with the same modern, professional online presence.

The websites I build are designed to:

• Build trust from the very first visit
• Look outstanding on every device
• Encourage more estimate requests
• Reflect the quality and professionalism of the company behind them

If you like what you see in the video, I'd be happy to create a free homepage mockup customized specifically for your company before you make any decision.

Just reply to this email, and I'll send it over.


Best,
Franco Samtoni

--
You're receiving this email because you're a roofing contractor in Texas. If you'd rather not hear from me again, just reply with ""unsubscribe"" and I'll remove you right away and never contact you again.
Barrio Viñas del Torreón, Maipú, Mendoza 5513, Argentina
"
49,New Braunfels Roofing,info@newbraunfelsroofingtx.com,+18305428333,http://newbraunfelsroofingtx.com/,ALIVE_200,A website concept for New Braunfels Roofing,"Hi New Braunfels Roofing Team,

I came across your roofing company while researching contractors in Texas and was genuinely impressed by your business.

I specialize in designing premium websites exclusively for roofing companies, and I recently created a website concept. You can watch it in this short 20-second video:
https://drive.google.com/file/d/1q9v8Gy_De94jejUFJBult-yNQE75LV5J/view?usp=drivesdk

As I was looking at your company, I couldn't help but imagine how your brand could look with the same modern, professional online presence.

The websites I build are designed to:

• Build trust from the very first visit
• Look outstanding on every device
• Encourage more estimate requests
• Reflect the quality and professionalism of the company behind them

If you like what you see in the video, I'd be happy to create a free homepage mockup customized specifically for your company before you make any decision.

Just reply to this email, and I'll send it over.


Best,
Franco Samtoni

--
You're receiving this email because you're a roofing contractor in Texas. If you'd rather not hear from me again, just reply with ""unsubscribe"" and I'll remove you right away and never contact you again.
Barrio Viñas del Torreón, Maipú, Mendoza 5513, Argentina
"
50,New Leaf Roofing,info@newleafroofing.net,+12149240186,http://www.newleafroofing.net/,ALIVE_200,A website concept for New Leaf Roofing,"Hi New Leaf Roofing Team,

I came across your roofing company while researching contractors in Texas and was genuinely impressed by your business.

I specialize in designing premium websites exclusively for roofing companies, and I recently created a website concept. You can watch it in this short 20-second video:
https://drive.google.com/file/d/1q9v8Gy_De94jejUFJBult-yNQE75LV5J/view?usp=drivesdk

As I was looking at your company, I couldn't help but imagine how your brand could look with the same modern, professional online presence.

The websites I build are designed to:

• Build trust from the very first visit
• Look outstanding on every device
• Encourage more estimate requests
• Reflect the quality and professionalism of the company behind them

If you like what you see in the video, I'd be happy to create a free homepage mockup customized specifically for your company before you make any decision.

Just reply to this email, and I'll send it over.


Best,
Franco Samtoni

--
You're receiving this email because you're a roofing contractor in Texas. If you'd rather not hear from me again, just reply with ""unsubscribe"" and I'll remove you right away and never contact you again.
Barrio Viñas del Torreón, Maipú, Mendoza 5513, Argentina
"
51,North Texas Roofing,kurt@northtxroofing.com,+19403676761,http://www.northtexasroofing.com/,ALIVE_406,A website concept for North Texas Roofing,"Hi North Texas Roofing Team,

I came across your roofing company while researching contractors in Texas and was genuinely impressed by your business.

I specialize in designing premium websites exclusively for roofing companies, and I recently created a website concept. You can watch it in this short 20-second video:
https://drive.google.com/file/d/1q9v8Gy_De94jejUFJBult-yNQE75LV5J/view?usp=drivesdk

As I was looking at your company, I couldn't help but imagine how your brand could look with the same modern, professional online presence.

The websites I build are designed to:

• Build trust from the very first visit
• Look outstanding on every device
• Encourage more estimate requests
• Reflect the quality and professionalism of the company behind them

If you like what you see in the video, I'd be happy to create a free homepage mockup customized specifically for your company before you make any decision.

Just reply to this email, and I'll send it over.


Best,
Franco Samtoni

--
You're receiving this email because you're a roofing contractor in Texas. If you'd rather not hear from me again, just reply with ""unsubscribe"" and I'll remove you right away and never contact you again.
Barrio Viñas del Torreón, Maipú, Mendoza 5513, Argentina
"
52,Owen Roofing Company,owenroof7@gmail.com,+19565466638,http://www.owenroofingco.com/,ALIVE_200,A website concept for Owen Roofing Company,"Hi Owen Roofing Team,

I came across your roofing company while researching contractors in Texas and was genuinely impressed by your business.

I specialize in designing premium websites exclusively for roofing companies, and I recently created a website concept. You can watch it in this short 20-second video:
https://drive.google.com/file/d/1q9v8Gy_De94jejUFJBult-yNQE75LV5J/view?usp=drivesdk

As I was looking at your company, I couldn't help but imagine how your brand could look with the same modern, professional online presence.

The websites I build are designed to:

• Build trust from the very first visit
• Look outstanding on every device
• Encourage more estimate requests
• Reflect the quality and professionalism of the company behind them

If you like what you see in the video, I'd be happy to create a free homepage mockup customized specifically for your company before you make any decision.

Just reply to this email, and I'll send it over.


Best,
Franco Samtoni

--
You're receiving this email because you're a roofing contractor in Texas. If you'd rather not hear from me again, just reply with ""unsubscribe"" and I'll remove you right away and never contact you again.
Barrio Viñas del Torreón, Maipú, Mendoza 5513, Argentina
"
53,Pahmiyer Roofing & Construction,info@texasroofmaster.com,+12547557663,http://texasroofmaster.com/,ALIVE_200,A website concept for Pahmiyer Roofing & Construction,"Hi Pahmiyer Roofing & Construction Team,

I came across your roofing company while researching contractors in Texas and was genuinely impressed by your business.

I specialize in designing premium websites exclusively for roofing companies, and I recently created a website concept. You can watch it in this short 20-second video:
https://drive.google.com/file/d/1q9v8Gy_De94jejUFJBult-yNQE75LV5J/view?usp=drivesdk

As I was looking at your company, I couldn't help but imagine how your brand could look with the same modern, professional online presence.

The websites I build are designed to:

• Build trust from the very first visit
• Look outstanding on every device
• Encourage more estimate requests
• Reflect the quality and professionalism of the company behind them

If you like what you see in the video, I'd be happy to create a free homepage mockup customized specifically for your company before you make any decision.

Just reply to this email, and I'll send it over.


Best,
Franco Samtoni

--
You're receiving this email because you're a roofing contractor in Texas. If you'd rather not hear from me again, just reply with ""unsubscribe"" and I'll remove you right away and never contact you again.
Barrio Viñas del Torreón, Maipú, Mendoza 5513, Argentina
"
54,Pardo Roofing & Restoration,williampardoroofing@aol.com,+19568032203,http://pardoroofing.com/,ALIVE_200,A website concept for Pardo Roofing & Restoration,"Hi Pardo Roofing & Restoration Team,

I came across your roofing company while researching contractors in Texas and was genuinely impressed by your business.

I specialize in designing premium websites exclusively for roofing companies, and I recently created a website concept. You can watch it in this short 20-second video:
https://drive.google.com/file/d/1q9v8Gy_De94jejUFJBult-yNQE75LV5J/view?usp=drivesdk

As I was looking at your company, I couldn't help but imagine how your brand could look with the same modern, professional online presence.

The websites I build are designed to:

• Build trust from the very first visit
• Look outstanding on every device
• Encourage more estimate requests
• Reflect the quality and professionalism of the company behind them

If you like what you see in the video, I'd be happy to create a free homepage mockup customized specifically for your company before you make any decision.

Just reply to this email, and I'll send it over.


Best,
Franco Samtoni

--
You're receiving this email because you're a roofing contractor in Texas. If you'd rather not hear from me again, just reply with ""unsubscribe"" and I'll remove you right away and never contact you again.
Barrio Viñas del Torreón, Maipú, Mendoza 5513, Argentina
"
55,Performance Roofing,tsales@performanceroofingtx.com,+19723608042,http://www.performanceroofingtx.com/,ALIVE_200,A website concept for Performance Roofing,"Hi Performance Roofing Team,

I came across your roofing company while researching contractors in Texas and was genuinely impressed by your business.

I specialize in designing premium websites exclusively for roofing companies, and I recently created a website concept. You can watch it in this short 20-second video:
https://drive.google.com/file/d/1q9v8Gy_De94jejUFJBult-yNQE75LV5J/view?usp=drivesdk

As I was looking at your company, I couldn't help but imagine how your brand could look with the same modern, professional online presence.

The websites I build are designed to:

• Build trust from the very first visit
• Look outstanding on every device
• Encourage more estimate requests
• Reflect the quality and professionalism of the company behind them

If you like what you see in the video, I'd be happy to create a free homepage mockup customized specifically for your company before you make any decision.

Just reply to this email, and I'll send it over.


Best,
Franco Samtoni

--
You're receiving this email because you're a roofing contractor in Texas. If you'd rather not hear from me again, just reply with ""unsubscribe"" and I'll remove you right away and never contact you again.
Barrio Viñas del Torreón, Maipú, Mendoza 5513, Argentina
"
56,Permian Roofing LLC,permianroofing@gmail.com,+14322373127,http://permianroofing.net/?utm_source=gmb&utm_medium=referral,ALIVE_406,A website concept for Permian Roofing LLC,"Hi Permian Roofing Team,

I came across your roofing company while researching contractors in Texas and was genuinely impressed by your business.

I specialize in designing premium websites exclusively for roofing companies, and I recently created a website concept. You can watch it in this short 20-second video:
https://drive.google.com/file/d/1q9v8Gy_De94jejUFJBult-yNQE75LV5J/view?usp=drivesdk

As I was looking at your company, I couldn't help but imagine how your brand could look with the same modern, professional online presence.

The websites I build are designed to:

• Build trust from the very first visit
• Look outstanding on every device
• Encourage more estimate requests
• Reflect the quality and professionalism of the company behind them

If you like what you see in the video, I'd be happy to create a free homepage mockup customized specifically for your company before you make any decision.

Just reply to this email, and I'll send it over.


Best,
Franco Samtoni

--
You're receiving this email because you're a roofing contractor in Texas. If you'd rather not hear from me again, just reply with ""unsubscribe"" and I'll remove you right away and never contact you again.
Barrio Viñas del Torreón, Maipú, Mendoza 5513, Argentina
"
57,Pioneer Roofing,help@mypioneerroofing.com,+14699091423,http://www.mypioneerroofing.com/,ALIVE_200,A website concept for Pioneer Roofing,"Hi Pioneer Roofing Team,

I came across your roofing company while researching contractors in Texas and was genuinely impressed by your business.

I specialize in designing premium websites exclusively for roofing companies, and I recently created a website concept. You can watch it in this short 20-second video:
https://drive.google.com/file/d/1q9v8Gy_De94jejUFJBult-yNQE75LV5J/view?usp=drivesdk

As I was looking at your company, I couldn't help but imagine how your brand could look with the same modern, professional online presence.

The websites I build are designed to:

• Build trust from the very first visit
• Look outstanding on every device
• Encourage more estimate requests
• Reflect the quality and professionalism of the company behind them

If you like what you see in the video, I'd be happy to create a free homepage mockup customized specifically for your company before you make any decision.

Just reply to this email, and I'll send it over.


Best,
Franco Samtoni

--
You're receiving this email because you're a roofing contractor in Texas. If you'd rather not hear from me again, just reply with ""unsubscribe"" and I'll remove you right away and never contact you again.
Barrio Viñas del Torreón, Maipú, Mendoza 5513, Argentina
"
58,Pioneer Roofing & Construction,pioneer@915pioneer.com,+19159266099,http://pioneerroofingep.com/,ALIVE_200,A website concept for Pioneer Roofing & Construction,"Hi Pioneer Roofing & Construction Team,

I came across your roofing company while researching contractors in Texas and was genuinely impressed by your business.

I specialize in designing premium websites exclusively for roofing companies, and I recently created a website concept. You can watch it in this short 20-second video:
https://drive.google.com/file/d/1q9v8Gy_De94jejUFJBult-yNQE75LV5J/view?usp=drivesdk

As I was looking at your company, I couldn't help but imagine how your brand could look with the same modern, professional online presence.

The websites I build are designed to:

• Build trust from the very first visit
• Look outstanding on every device
• Encourage more estimate requests
• Reflect the quality and professionalism of the company behind them

If you like what you see in the video, I'd be happy to create a free homepage mockup customized specifically for your company before you make any decision.

Just reply to this email, and I'll send it over.


Best,
Franco Samtoni

--
You're receiving this email because you're a roofing contractor in Texas. If you'd rather not hear from me again, just reply with ""unsubscribe"" and I'll remove you right away and never contact you again.
Barrio Viñas del Torreón, Maipú, Mendoza 5513, Argentina
"
59,Plains Roofing Company,plainsroofing@gmail.com,+18067480702,http://plainsroofing.com/,ALIVE_403,A website concept for Plains Roofing Company,"Hi Plains Roofing Team,

I came across your roofing company while researching contractors in Texas and was genuinely impressed by your business.

I specialize in designing premium websites exclusively for roofing companies, and I recently created a website concept. You can watch it in this short 20-second video:
https://drive.google.com/file/d/1q9v8Gy_De94jejUFJBult-yNQE75LV5J/view?usp=drivesdk

As I was looking at your company, I couldn't help but imagine how your brand could look with the same modern, professional online presence.

The websites I build are designed to:

• Build trust from the very first visit
• Look outstanding on every device
• Encourage more estimate requests
• Reflect the quality and professionalism of the company behind them

If you like what you see in the video, I'd be happy to create a free homepage mockup customized specifically for your company before you make any decision.

Just reply to this email, and I'll send it over.


Best,
Franco Samtoni

--
You're receiving this email because you're a roofing contractor in Texas. If you'd rather not hear from me again, just reply with ""unsubscribe"" and I'll remove you right away and never contact you again.
Barrio Viñas del Torreón, Maipú, Mendoza 5513, Argentina
"
60,PMR Roofing,info@pmrroofing.com,+14694097663,http://pmrroofing.com/,ALIVE_200,A website concept for PMR Roofing,"Hi PMR Roofing Team,

I came across your roofing company while researching contractors in Texas and was genuinely impressed by your business.

I specialize in designing premium websites exclusively for roofing companies, and I recently created a website concept. You can watch it in this short 20-second video:
https://drive.google.com/file/d/1q9v8Gy_De94jejUFJBult-yNQE75LV5J/view?usp=drivesdk

As I was looking at your company, I couldn't help but imagine how your brand could look with the same modern, professional online presence.

The websites I build are designed to:

• Build trust from the very first visit
• Look outstanding on every device
• Encourage more estimate requests
• Reflect the quality and professionalism of the company behind them

If you like what you see in the video, I'd be happy to create a free homepage mockup customized specifically for your company before you make any decision.

Just reply to this email, and I'll send it over.


Best,
Franco Samtoni

--
You're receiving this email because you're a roofing contractor in Texas. If you'd rather not hear from me again, just reply with ""unsubscribe"" and I'll remove you right away and never contact you again.
Barrio Viñas del Torreón, Maipú, Mendoza 5513, Argentina
"
61,Protex Roofing,protexroofingtx@gmail.com,+13614007663,http://protexroofingtx.com/,ALIVE_200,A website concept for Protex Roofing,"Hi Protex Roofing Team,

I came across your roofing company while researching contractors in Texas and was genuinely impressed by your business.

I specialize in designing premium websites exclusively for roofing companies, and I recently created a website concept. You can watch it in this short 20-second video:
https://drive.google.com/file/d/1q9v8Gy_De94jejUFJBult-yNQE75LV5J/view?usp=drivesdk

As I was looking at your company, I couldn't help but imagine how your brand could look with the same modern, professional online presence.

The websites I build are designed to:

• Build trust from the very first visit
• Look outstanding on every device
• Encourage more estimate requests
• Reflect the quality and professionalism of the company behind them

If you like what you see in the video, I'd be happy to create a free homepage mockup customized specifically for your company before you make any decision.

Just reply to this email, and I'll send it over.


Best,
Franco Samtoni

--
You're receiving this email because you're a roofing contractor in Texas. If you'd rather not hear from me again, just reply with ""unsubscribe"" and I'll remove you right away and never contact you again.
Barrio Viñas del Torreón, Maipú, Mendoza 5513, Argentina
"
62,Reyes Roofing LLC,reyesroofingandrepair@yahoo.com,+18173433836,http://reyesroofingdfw.com/,ALIVE_200,A website concept for Reyes Roofing LLC,"Hi Reyes Roofing Team,

I came across your roofing company while researching contractors in Texas and was genuinely impressed by your business.

I specialize in designing premium websites exclusively for roofing companies, and I recently created a website concept. You can watch it in this short 20-second video:
https://drive.google.com/file/d/1q9v8Gy_De94jejUFJBult-yNQE75LV5J/view?usp=drivesdk

As I was looking at your company, I couldn't help but imagine how your brand could look with the same modern, professional online presence.

The websites I build are designed to:

• Build trust from the very first visit
• Look outstanding on every device
• Encourage more estimate requests
• Reflect the quality and professionalism of the company behind them

If you like what you see in the video, I'd be happy to create a free homepage mockup customized specifically for your company before you make any decision.

Just reply to this email, and I'll send it over.


Best,
Franco Samtoni

--
You're receiving this email because you're a roofing contractor in Texas. If you'd rather not hear from me again, just reply with ""unsubscribe"" and I'll remove you right away and never contact you again.
Barrio Viñas del Torreón, Maipú, Mendoza 5513, Argentina
"
63,Rhino Roofing & Construction LLC,915.rhino.roofing@gmail.com,+19159220660,http://rhinoroofingep.com/,ALIVE_200,A website concept for Rhino Roofing & Construction LLC,"Hi Rhino Roofing & Construction Team,

I came across your roofing company while researching contractors in Texas and was genuinely impressed by your business.

I specialize in designing premium websites exclusively for roofing companies, and I recently created a website concept. You can watch it in this short 20-second video:
https://drive.google.com/file/d/1q9v8Gy_De94jejUFJBult-yNQE75LV5J/view?usp=drivesdk

As I was looking at your company, I couldn't help but imagine how your brand could look with the same modern, professional online presence.

The websites I build are designed to:

• Build trust from the very first visit
• Look outstanding on every device
• Encourage more estimate requests
• Reflect the quality and professionalism of the company behind them

If you like what you see in the video, I'd be happy to create a free homepage mockup customized specifically for your company before you make any decision.

Just reply to this email, and I'll send it over.


Best,
Franco Samtoni

--
You're receiving this email because you're a roofing contractor in Texas. If you'd rather not hear from me again, just reply with ""unsubscribe"" and I'll remove you right away and never contact you again.
Barrio Viñas del Torreón, Maipú, Mendoza 5513, Argentina
"
64,Roofing On Demand,info@roofingondemand.com,+14099655555,http://roofingondemand.com/,ALIVE_200,A website concept for Roofing On Demand,"Hi Roofing On Demand Team,

I came across your roofing company while researching contractors in Texas and was genuinely impressed by your business.

I specialize in designing premium websites exclusively for roofing companies, and I recently created a website concept. You can watch it in this short 20-second video:
https://drive.google.com/file/d/1q9v8Gy_De94jejUFJBult-yNQE75LV5J/view?usp=drivesdk

As I was looking at your company, I couldn't help but imagine how your brand could look with the same modern, professional online presence.

The websites I build are designed to:

• Build trust from the very first visit
• Look outstanding on every device
• Encourage more estimate requests
• Reflect the quality and professionalism of the company behind them

If you like what you see in the video, I'd be happy to create a free homepage mockup customized specifically for your company before you make any decision.

Just reply to this email, and I'll send it over.


Best,
Franco Samtoni

--
You're receiving this email because you're a roofing contractor in Texas. If you'd rather not hear from me again, just reply with ""unsubscribe"" and I'll remove you right away and never contact you again.
Barrio Viñas del Torreón, Maipú, Mendoza 5513, Argentina
"
65,Rooftech Roofing and Coatings,contact@rooftech.co,+19154747545,http://www.rooftech.co/,ALIVE_200,A website concept for Rooftech Roofing and Coatings,"Hi Rooftech Roofing and Coatings Team,

I came across your roofing company while researching contractors in Texas and was genuinely impressed by your business.

I specialize in designing premium websites exclusively for roofing companies, and I recently created a website concept. You can watch it in this short 20-second video:
https://drive.google.com/file/d/1q9v8Gy_De94jejUFJBult-yNQE75LV5J/view?usp=drivesdk

As I was looking at your company, I couldn't help but imagine how your brand could look with the same modern, professional online presence.

The websites I build are designed to:

• Build trust from the very first visit
• Look outstanding on every device
• Encourage more estimate requests
• Reflect the quality and professionalism of the company behind them

If you like what you see in the video, I'd be happy to create a free homepage mockup customized specifically for your company before you make any decision.

Just reply to this email, and I'll send it over.


Best,
Franco Samtoni

--
You're receiving this email because you're a roofing contractor in Texas. If you'd rather not hear from me again, just reply with ""unsubscribe"" and I'll remove you right away and never contact you again.
Barrio Viñas del Torreón, Maipú, Mendoza 5513, Argentina
"
66,Rosehill Roofing and Restoration,rosehillroofingandrestoration@gmail.com,+18323027462,http://www.rosehillroofingandrestoration.com/dallas-tx,ALIVE_200,A website concept for Rosehill Roofing and Restoration,"Hi Rosehill Roofing and Restoration Team,

I came across your roofing company while researching contractors in Texas and was genuinely impressed by your business.

I specialize in designing premium websites exclusively for roofing companies, and I recently created a website concept. You can watch it in this short 20-second video:
https://drive.google.com/file/d/1q9v8Gy_De94jejUFJBult-yNQE75LV5J/view?usp=drivesdk

As I was looking at your company, I couldn't help but imagine how your brand could look with the same modern, professional online presence.

The websites I build are designed to:

• Build trust from the very first visit
• Look outstanding on every device
• Encourage more estimate requests
• Reflect the quality and professionalism of the company behind them

If you like what you see in the video, I'd be happy to create a free homepage mockup customized specifically for your company before you make any decision.

Just reply to this email, and I'll send it over.


Best,
Franco Samtoni

--
You're receiving this email because you're a roofing contractor in Texas. If you'd rather not hear from me again, just reply with ""unsubscribe"" and I'll remove you right away and never contact you again.
Barrio Viñas del Torreón, Maipú, Mendoza 5513, Argentina
"
67,Rushing Roofing & Contracting LLC,rushingroofingllc@gmail.com,+14699257076,http://rushingroofingllc.com/,ALIVE_200,A website concept for Rushing Roofing & Contracting LLC,"Hi Rushing Roofing & Contracting Team,

I came across your roofing company while researching contractors in Texas and was genuinely impressed by your business.

I specialize in designing premium websites exclusively for roofing companies, and I recently created a website concept. You can watch it in this short 20-second video:
https://drive.google.com/file/d/1q9v8Gy_De94jejUFJBult-yNQE75LV5J/view?usp=drivesdk

As I was looking at your company, I couldn't help but imagine how your brand could look with the same modern, professional online presence.

The websites I build are designed to:

• Build trust from the very first visit
• Look outstanding on every device
• Encourage more estimate requests
• Reflect the quality and professionalism of the company behind them

If you like what you see in the video, I'd be happy to create a free homepage mockup customized specifically for your company before you make any decision.

Just reply to this email, and I'll send it over.


Best,
Franco Samtoni

--
You're receiving this email because you're a roofing contractor in Texas. If you'd rather not hear from me again, just reply with ""unsubscribe"" and I'll remove you right away and never contact you again.
Barrio Viñas del Torreón, Maipú, Mendoza 5513, Argentina
"
68,Southern Star Roofing and Seamless Gutters,southernstarroofing22@gmail.com,+19797219983,http://southern-star-roofing.com/,ALIVE_200,A website concept for Southern Star Roofing and Seamless Gutters,"Hi Southern Star Roofing and Seamless Gutters Team,

I came across your roofing company while researching contractors in Texas and was genuinely impressed by your business.

I specialize in designing premium websites exclusively for roofing companies, and I recently created a website concept. You can watch it in this short 20-second video:
https://drive.google.com/file/d/1q9v8Gy_De94jejUFJBult-yNQE75LV5J/view?usp=drivesdk

As I was looking at your company, I couldn't help but imagine how your brand could look with the same modern, professional online presence.

The websites I build are designed to:

• Build trust from the very first visit
• Look outstanding on every device
• Encourage more estimate requests
• Reflect the quality and professionalism of the company behind them

If you like what you see in the video, I'd be happy to create a free homepage mockup customized specifically for your company before you make any decision.

Just reply to this email, and I'll send it over.


Best,
Franco Samtoni

--
You're receiving this email because you're a roofing contractor in Texas. If you'd rather not hear from me again, just reply with ""unsubscribe"" and I'll remove you right away and never contact you again.
Barrio Viñas del Torreón, Maipú, Mendoza 5513, Argentina
"
69,Spartan Roofing of Texas LLC,gageconstructioninc@gmail.com,+12547784243,http://spartanroofingtx.com/,ALIVE_200,A website concept for Spartan Roofing of Texas LLC,"Hi Spartan Roofing of Texas Team,

I came across your roofing company while researching contractors in Texas and was genuinely impressed by your business.

I specialize in designing premium websites exclusively for roofing companies, and I recently created a website concept. You can watch it in this short 20-second video:
https://drive.google.com/file/d/1q9v8Gy_De94jejUFJBult-yNQE75LV5J/view?usp=drivesdk

As I was looking at your company, I couldn't help but imagine how your brand could look with the same modern, professional online presence.

The websites I build are designed to:

• Build trust from the very first visit
• Look outstanding on every device
• Encourage more estimate requests
• Reflect the quality and professionalism of the company behind them

If you like what you see in the video, I'd be happy to create a free homepage mockup customized specifically for your company before you make any decision.

Just reply to this email, and I'll send it over.


Best,
Franco Samtoni

--
You're receiving this email because you're a roofing contractor in Texas. If you'd rather not hear from me again, just reply with ""unsubscribe"" and I'll remove you right away and never contact you again.
Barrio Viñas del Torreón, Maipú, Mendoza 5513, Argentina
"
70,Sunset Roofers,estimates@sunsetroofers.com,+19563076123,http://sunsetroofers.com/,ALIVE_406,A website concept for Sunset Roofers,"Hi Sunset Roofers Team,

I came across your roofing company while researching contractors in Texas and was genuinely impressed by your business.

I specialize in designing premium websites exclusively for roofing companies, and I recently created a website concept. You can watch it in this short 20-second video:
https://drive.google.com/file/d/1q9v8Gy_De94jejUFJBult-yNQE75LV5J/view?usp=drivesdk

As I was looking at your company, I couldn't help but imagine how your brand could look with the same modern, professional online presence.

The websites I build are designed to:

• Build trust from the very first visit
• Look outstanding on every device
• Encourage more estimate requests
• Reflect the quality and professionalism of the company behind them

If you like what you see in the video, I'd be happy to create a free homepage mockup customized specifically for your company before you make any decision.

Just reply to this email, and I'll send it over.


Best,
Franco Samtoni

--
You're receiving this email because you're a roofing contractor in Texas. If you'd rather not hear from me again, just reply with ""unsubscribe"" and I'll remove you right away and never contact you again.
Barrio Viñas del Torreón, Maipú, Mendoza 5513, Argentina
"
71,Sustainable Roofing LLC,office@sustainableroofingllc.com,+19793242270,http://sustainableroofingllc.com/,ALIVE_200,A website concept for Sustainable Roofing LLC,"Hi Sustainable Roofing Team,

I came across your roofing company while researching contractors in Texas and was genuinely impressed by your business.

I specialize in designing premium websites exclusively for roofing companies, and I recently created a website concept. You can watch it in this short 20-second video:
https://drive.google.com/file/d/1q9v8Gy_De94jejUFJBult-yNQE75LV5J/view?usp=drivesdk

As I was looking at your company, I couldn't help but imagine how your brand could look with the same modern, professional online presence.

The websites I build are designed to:

• Build trust from the very first visit
• Look outstanding on every device
• Encourage more estimate requests
• Reflect the quality and professionalism of the company behind them

If you like what you see in the video, I'd be happy to create a free homepage mockup customized specifically for your company before you make any decision.

Just reply to this email, and I'll send it over.


Best,
Franco Samtoni

--
You're receiving this email because you're a roofing contractor in Texas. If you'd rather not hear from me again, just reply with ""unsubscribe"" and I'll remove you right away and never contact you again.
Barrio Viñas del Torreón, Maipú, Mendoza 5513, Argentina
"
72,Texas Built Roofing,lee@texasbuiltroofing.com,+12547172736,http://texasbuiltroofing.com/,ALIVE_200,A website concept for Texas Built Roofing,"Hi Texas Built Roofing Team,

I came across your roofing company while researching contractors in Texas and was genuinely impressed by your business.

I specialize in designing premium websites exclusively for roofing companies, and I recently created a website concept. You can watch it in this short 20-second video:
https://drive.google.com/file/d/1q9v8Gy_De94jejUFJBult-yNQE75LV5J/view?usp=drivesdk

As I was looking at your company, I couldn't help but imagine how your brand could look with the same modern, professional online presence.

The websites I build are designed to:

• Build trust from the very first visit
• Look outstanding on every device
• Encourage more estimate requests
• Reflect the quality and professionalism of the company behind them

If you like what you see in the video, I'd be happy to create a free homepage mockup customized specifically for your company before you make any decision.

Just reply to this email, and I'll send it over.


Best,
Franco Samtoni

--
You're receiving this email because you're a roofing contractor in Texas. If you'd rather not hear from me again, just reply with ""unsubscribe"" and I'll remove you right away and never contact you again.
Barrio Viñas del Torreón, Maipú, Mendoza 5513, Argentina
"
73,Texas Coastal Roofing and Construction LLC,texascoastalroofing@gmail.com,+13613321263,http://www.texascoastalroofingandconstruction.com/,ALIVE_406,A website concept for Texas Coastal Roofing and Construction LLC,"Hi Texas Coastal Roofing and Construction Team,

I came across your roofing company while researching contractors in Texas and was genuinely impressed by your business.

I specialize in designing premium websites exclusively for roofing companies, and I recently created a website concept. You can watch it in this short 20-second video:
https://drive.google.com/file/d/1q9v8Gy_De94jejUFJBult-yNQE75LV5J/view?usp=drivesdk

As I was looking at your company, I couldn't help but imagine how your brand could look with the same modern, professional online presence.

The websites I build are designed to:

• Build trust from the very first visit
• Look outstanding on every device
• Encourage more estimate requests
• Reflect the quality and professionalism of the company behind them

If you like what you see in the video, I'd be happy to create a free homepage mockup customized specifically for your company before you make any decision.

Just reply to this email, and I'll send it over.


Best,
Franco Samtoni

--
You're receiving this email because you're a roofing contractor in Texas. If you'd rather not hear from me again, just reply with ""unsubscribe"" and I'll remove you right away and never contact you again.
Barrio Viñas del Torreón, Maipú, Mendoza 5513, Argentina
"
74,Texas Roof Systems,texasroofsystems@gmail.com,+14325807993,http://texasroofsystems.com/,ALIVE_200,A website concept for Texas Roof Systems,"Hi Texas Roof Systems Team,

I came across your roofing company while researching contractors in Texas and was genuinely impressed by your business.

I specialize in designing premium websites exclusively for roofing companies, and I recently created a website concept. You can watch it in this short 20-second video:
https://drive.google.com/file/d/1q9v8Gy_De94jejUFJBult-yNQE75LV5J/view?usp=drivesdk

As I was looking at your company, I couldn't help but imagine how your brand could look with the same modern, professional online presence.

The websites I build are designed to:

• Build trust from the very first visit
• Look outstanding on every device
• Encourage more estimate requests
• Reflect the quality and professionalism of the company behind them

If you like what you see in the video, I'd be happy to create a free homepage mockup customized specifically for your company before you make any decision.

Just reply to this email, and I'll send it over.


Best,
Franco Samtoni

--
You're receiving this email because you're a roofing contractor in Texas. If you'd rather not hear from me again, just reply with ""unsubscribe"" and I'll remove you right away and never contact you again.
Barrio Viñas del Torreón, Maipú, Mendoza 5513, Argentina
"
75,Texas Roofing Project,info@txroofingproject.com,+12146007661,http://www.txroofingproject.com/,ALIVE_200,A website concept for Texas Roofing Project,"Hi Texas Roofing Project Team,

I came across your roofing company while researching contractors in Texas and was genuinely impressed by your business.

I specialize in designing premium websites exclusively for roofing companies, and I recently created a website concept. You can watch it in this short 20-second video:
https://drive.google.com/file/d/1q9v8Gy_De94jejUFJBult-yNQE75LV5J/view?usp=drivesdk

As I was looking at your company, I couldn't help but imagine how your brand could look with the same modern, professional online presence.

The websites I build are designed to:

• Build trust from the very first visit
• Look outstanding on every device
• Encourage more estimate requests
• Reflect the quality and professionalism of the company behind them

If you like what you see in the video, I'd be happy to create a free homepage mockup customized specifically for your company before you make any decision.

Just reply to this email, and I'll send it over.


Best,
Franco Samtoni

--
You're receiving this email because you're a roofing contractor in Texas. If you'd rather not hear from me again, just reply with ""unsubscribe"" and I'll remove you right away and never contact you again.
Barrio Viñas del Torreón, Maipú, Mendoza 5513, Argentina
"
76,TEXPRO Roofing & Construction,office@texproroof.com,+18323905160,http://texproroof.com/,ALIVE_200,A website concept for TEXPRO Roofing & Construction,"Hi TEXPRO Roofing & Construction Team,

I came across your roofing company while researching contractors in Texas and was genuinely impressed by your business.

I specialize in designing premium websites exclusively for roofing companies, and I recently created a website concept. You can watch it in this short 20-second video:
https://drive.google.com/file/d/1q9v8Gy_De94jejUFJBult-yNQE75LV5J/view?usp=drivesdk

As I was looking at your company, I couldn't help but imagine how your brand could look with the same modern, professional online presence.

The websites I build are designed to:

• Build trust from the very first visit
• Look outstanding on every device
• Encourage more estimate requests
• Reflect the quality and professionalism of the company behind them

If you like what you see in the video, I'd be happy to create a free homepage mockup customized specifically for your company before you make any decision.

Just reply to this email, and I'll send it over.


Best,
Franco Samtoni

--
You're receiving this email because you're a roofing contractor in Texas. If you'd rather not hear from me again, just reply with ""unsubscribe"" and I'll remove you right away and never contact you again.
Barrio Viñas del Torreón, Maipú, Mendoza 5513, Argentina
"
77,"Town and Country Roofing, Inc.",info@townandcountryroofingdfw.com,+19723778188,http://www.townandcountryroofingdfw.com/,ALIVE_200,"A website concept for Town and Country Roofing, Inc.","Hi Town and Country Roofing Team,

I came across your roofing company while researching contractors in Texas and was genuinely impressed by your business.

I specialize in designing premium websites exclusively for roofing companies, and I recently created a website concept. You can watch it in this short 20-second video:
https://drive.google.com/file/d/1q9v8Gy_De94jejUFJBult-yNQE75LV5J/view?usp=drivesdk

As I was looking at your company, I couldn't help but imagine how your brand could look with the same modern, professional online presence.

The websites I build are designed to:

• Build trust from the very first visit
• Look outstanding on every device
• Encourage more estimate requests
• Reflect the quality and professionalism of the company behind them

If you like what you see in the video, I'd be happy to create a free homepage mockup customized specifically for your company before you make any decision.

Just reply to this email, and I'll send it over.


Best,
Franco Samtoni

--
You're receiving this email because you're a roofing contractor in Texas. If you'd rather not hear from me again, just reply with ""unsubscribe"" and I'll remove you right away and never contact you again.
Barrio Viñas del Torreón, Maipú, Mendoza 5513, Argentina
"
78,TRX Roofing & Construction,service@trxroofing.com,+18066831015,http://trxroofing.com/,ALIVE_200,A website concept for TRX Roofing & Construction,"Hi TRX Roofing & Construction Team,

I came across your roofing company while researching contractors in Texas and was genuinely impressed by your business.

I specialize in designing premium websites exclusively for roofing companies, and I recently created a website concept. You can watch it in this short 20-second video:
https://drive.google.com/file/d/1q9v8Gy_De94jejUFJBult-yNQE75LV5J/view?usp=drivesdk

As I was looking at your company, I couldn't help but imagine how your brand could look with the same modern, professional online presence.

The websites I build are designed to:

• Build trust from the very first visit
• Look outstanding on every device
• Encourage more estimate requests
• Reflect the quality and professionalism of the company behind them

If you like what you see in the video, I'd be happy to create a free homepage mockup customized specifically for your company before you make any decision.

Just reply to this email, and I'll send it over.


Best,
Franco Samtoni

--
You're receiving this email because you're a roofing contractor in Texas. If you'd rather not hear from me again, just reply with ""unsubscribe"" and I'll remove you right away and never contact you again.
Barrio Viñas del Torreón, Maipú, Mendoza 5513, Argentina
"
79,TX Roofing & Services,info@txroofingandservices.com,+17138202302,http://www.txroofingandservices.com/,ALIVE_403,A website concept for TX Roofing & Services,"Hi TX Roofing & Services Team,

I came across your roofing company while researching contractors in Texas and was genuinely impressed by your business.

I specialize in designing premium websites exclusively for roofing companies, and I recently created a website concept. You can watch it in this short 20-second video:
https://drive.google.com/file/d/1q9v8Gy_De94jejUFJBult-yNQE75LV5J/view?usp=drivesdk

As I was looking at your company, I couldn't help but imagine how your brand could look with the same modern, professional online presence.

The websites I build are designed to:

• Build trust from the very first visit
• Look outstanding on every device
• Encourage more estimate requests
• Reflect the quality and professionalism of the company behind them

If you like what you see in the video, I'd be happy to create a free homepage mockup customized specifically for your company before you make any decision.

Just reply to this email, and I'll send it over.


Best,
Franco Samtoni

--
You're receiving this email because you're a roofing contractor in Texas. If you'd rather not hear from me again, just reply with ""unsubscribe"" and I'll remove you right away and never contact you again.
Barrio Viñas del Torreón, Maipú, Mendoza 5513, Argentina
"
80,Upscale Roofing,jamie@upscaleroofingtx.com,+12819307368,http://upscaleroofingtx.com/,ALIVE_200,A website concept for Upscale Roofing,"Hi Upscale Roofing Team,

I came across your roofing company while researching contractors in Texas and was genuinely impressed by your business.

I specialize in designing premium websites exclusively for roofing companies, and I recently created a website concept. You can watch it in this short 20-second video:
https://drive.google.com/file/d/1q9v8Gy_De94jejUFJBult-yNQE75LV5J/view?usp=drivesdk

As I was looking at your company, I couldn't help but imagine how your brand could look with the same modern, professional online presence.

The websites I build are designed to:

• Build trust from the very first visit
• Look outstanding on every device
• Encourage more estimate requests
• Reflect the quality and professionalism of the company behind them

If you like what you see in the video, I'd be happy to create a free homepage mockup customized specifically for your company before you make any decision.

Just reply to this email, and I'll send it over.


Best,
Franco Samtoni

--
You're receiving this email because you're a roofing contractor in Texas. If you'd rather not hear from me again, just reply with ""unsubscribe"" and I'll remove you right away and never contact you again.
Barrio Viñas del Torreón, Maipú, Mendoza 5513, Argentina
"
81,West Texas Exteriors Inc-,office@westtexasexteriors.com,+18067486777,http://westtexasexteriors.com/,ALIVE_200,A website concept for West Texas Exteriors Inc-,"Hi West Texas Exteriors Inc- Team,

I came across your roofing company while researching contractors in Texas and was genuinely impressed by your business.

I specialize in designing premium websites exclusively for roofing companies, and I recently created a website concept. You can watch it in this short 20-second video:
https://drive.google.com/file/d/1q9v8Gy_De94jejUFJBult-yNQE75LV5J/view?usp=drivesdk

As I was looking at your company, I couldn't help but imagine how your brand could look with the same modern, professional online presence.

The websites I build are designed to:

• Build trust from the very first visit
• Look outstanding on every device
• Encourage more estimate requests
• Reflect the quality and professionalism of the company behind them

If you like what you see in the video, I'd be happy to create a free homepage mockup customized specifically for your company before you make any decision.

Just reply to this email, and I'll send it over.


Best,
Franco Samtoni

--
You're receiving this email because you're a roofing contractor in Texas. If you'd rather not hear from me again, just reply with ""unsubscribe"" and I'll remove you right away and never contact you again.
Barrio Viñas del Torreón, Maipú, Mendoza 5513, Argentina
"
